<?xml version="1.0" encoding="UTF-8"?>
<project-private xmlns="http://www.netbeans.org/ns/project-private/1">
    <editor-bookmarks xmlns="http://www.netbeans.org/ns/editor-bookmarks/2" lastBookmarkId="0"/>
    <open-files xmlns="http://www.netbeans.org/ns/projectui-open-files/2">
        <group>
            <file>file:/C:/Users/keezh/Dropbox/SIT/Year%201/Trimester%201/ICT1004%20Web%20Systems%20and%20Technologies/Project/Project_Updated_2/Project_Updated_2/Project-Updated/index.php</file>
            <file>file:/C:/Users/keezh/Dropbox/SIT/Year%201/Trimester%201/ICT1004%20Web%20Systems%20and%20Technologies/Project/Project_Updated_2/Project_Updated_2/Project-Updated/process_login.php</file>
        </group>
    </open-files>
</project-private>
