<?xml version="1.0" encoding="UTF-8"?>
<project-private xmlns="http://www.netbeans.org/ns/project-private/1">
    <editor-bookmarks xmlns="http://www.netbeans.org/ns/editor-bookmarks/2" lastBookmarkId="0"/>
    <open-files xmlns="http://www.netbeans.org/ns/projectui-open-files/2">
        <group>
            <file>file:/C:/Users/nikos/OneDrive/Desktop/ICT%201004/Project-Updated/css/main.css</file>
            <file>file:/C:/Users/nikos/OneDrive/Desktop/ICT%201004/Project-Updated/process_deletebooking.php</file>
            <file>file:/C:/Users/nikos/OneDrive/Desktop/ICT%201004/Project-Updated/nav.inc.php</file>
            <file>file:/C:/Users/nikos/OneDrive/Desktop/ICT%201004/Project-Updated/about.php</file>
            <file>file:/C:/Users/nikos/OneDrive/Desktop/ICT%201004/Project-Updated/facilities.php</file>
            <file>file:/C:/Users/nikos/OneDrive/Desktop/ICT%201004/Project-Updated/ViewRoom.php</file>
            <file>file:/C:/Users/nikos/OneDrive/Desktop/ICT%201004/Project-Updated/css/aboutus.css</file>
        </group>
    </open-files>
</project-private>
