<?xml version="1.0" encoding="UTF-8"?>
<project-private xmlns="http://www.netbeans.org/ns/project-private/1">
    <editor-bookmarks xmlns="http://www.netbeans.org/ns/editor-bookmarks/2" lastBookmarkId="0"/>
    <open-files xmlns="http://www.netbeans.org/ns/projectui-open-files/2">
        <group>
            <file>file:/C:/Users/sheng/Desktop/SE%20-%20TRIMESTER%201/ICT%201004/Group%20Project/Project/fake%20booking.php</file>
            <file>file:/C:/Users/sheng/Desktop/SE%20-%20TRIMESTER%201/ICT%201004/Group%20Project/Project/login.php</file>
            <file>file:/C:/Users/sheng/Desktop/SE%20-%20TRIMESTER%201/ICT%201004/Group%20Project/Project/room%20available.php</file>
            <file>file:/C:/Users/sheng/Desktop/SE%20-%20TRIMESTER%201/ICT%201004/Group%20Project/Project/index.php</file>
            <file>file:/C:/Users/sheng/Desktop/SE%20-%20TRIMESTER%201/ICT%201004/Group%20Project/Project/confirm%20booking.php</file>
            <file>file:/C:/Users/sheng/Desktop/SE%20-%20TRIMESTER%201/ICT%201004/Group%20Project/Project/nav.inc.php</file>
            <file>file:/C:/Users/sheng/Desktop/SE%20-%20TRIMESTER%201/ICT%201004/Group%20Project/Project/ViewRoom.php</file>
            <file>file:/C:/Users/sheng/Desktop/SE%20-%20TRIMESTER%201/ICT%201004/Group%20Project/Project/register.php</file>
            <file>file:/C:/Users/sheng/Desktop/SE%20-%20TRIMESTER%201/ICT%201004/Group%20Project/Project/process_register.php</file>
            <file>file:/C:/Users/sheng/Desktop/SE%20-%20TRIMESTER%201/ICT%201004/Group%20Project/Project/process_login.php</file>
            <file>file:/C:/Users/sheng/Desktop/SE%20-%20TRIMESTER%201/ICT%201004/Group%20Project/Project/booking.php</file>
        </group>
    </open-files>
</project-private>
