<?xml version="1.0" encoding="UTF-8"?>
<project-private xmlns="http://www.netbeans.org/ns/project-private/1">
    <editor-bookmarks xmlns="http://www.netbeans.org/ns/editor-bookmarks/2" lastBookmarkId="0"/>
    <open-files xmlns="http://www.netbeans.org/ns/projectui-open-files/2">
        <group>
            <file>file:/C:/Users/nikos/OneDrive/Desktop/ICT%201004/Project/css/login.css</file>
            <file>file:/C:/Users/nikos/OneDrive/Desktop/ICT%201004/Project/facilities.php</file>
            <file>file:/C:/Users/nikos/OneDrive/Desktop/ICT%201004/Project/login.php</file>
            <file>file:/C:/Users/nikos/OneDrive/Desktop/ICT%201004/Project/css/main.css</file>
            <file>file:/C:/Users/nikos/OneDrive/Desktop/ICT%201004/Project/index.php</file>
            <file>file:/C:/Users/nikos/OneDrive/Desktop/ICT%201004/Project/css/aboutus.css</file>
            <file>file:/C:/Users/nikos/OneDrive/Desktop/ICT%201004/Project/about.php</file>
            <file>file:/C:/Users/nikos/OneDrive/Desktop/ICT%201004/Project/head.inc.php</file>
            <file>file:/C:/Users/nikos/OneDrive/Desktop/ICT%201004/Project/ViewRoom.php</file>
            <file>file:/C:/Users/nikos/OneDrive/Desktop/ICT%201004/Project/footer.inc.php</file>
            <file>file:/C:/Users/nikos/OneDrive/Desktop/ICT%201004/Project/register.php</file>
        </group>
    </open-files>
</project-private>
