<?xml version="1.0" encoding="UTF-8"?>
<project-private xmlns="http://www.netbeans.org/ns/project-private/1">
    <editor-bookmarks xmlns="http://www.netbeans.org/ns/editor-bookmarks/2" lastBookmarkId="0"/>
    <open-files xmlns="http://www.netbeans.org/ns/projectui-open-files/2">
        <group>
            <file>file:/C:/Users/sheng/Desktop/SE%20-%20TRIMESTER%201/ICT%201004/Group%20Project/Versions%20of%20project/Project/login.php</file>
            <file>file:/C:/Users/sheng/Desktop/SE%20-%20TRIMESTER%201/ICT%201004/Group%20Project/Versions%20of%20project/Project/confirm_booking.php</file>
            <file>file:/C:/Users/sheng/Desktop/SE%20-%20TRIMESTER%201/ICT%201004/Group%20Project/Versions%20of%20project/Project/facilities.php</file>
            <file>file:/C:/Users/sheng/Desktop/SE%20-%20TRIMESTER%201/ICT%201004/Group%20Project/Versions%20of%20project/Project/booking.php</file>
            <file>file:/C:/Users/sheng/Desktop/SE%20-%20TRIMESTER%201/ICT%201004/Group%20Project/Versions%20of%20project/Project/process_deletebooking.php</file>
            <file>file:/C:/Users/sheng/Desktop/SE%20-%20TRIMESTER%201/ICT%201004/Group%20Project/Versions%20of%20project/Project/process_login.php</file>
            <file>file:/C:/Users/sheng/Desktop/SE%20-%20TRIMESTER%201/ICT%201004/Group%20Project/Versions%20of%20project/Project/process_updatemember.php</file>
            <file>file:/C:/Users/sheng/Desktop/SE%20-%20TRIMESTER%201/ICT%201004/Group%20Project/Versions%20of%20project/Project/room_available.php</file>
            <file>file:/C:/Users/sheng/Desktop/SE%20-%20TRIMESTER%201/ICT%201004/Group%20Project/Versions%20of%20project/Project/process_register.php</file>
            <file>file:/C:/Users/sheng/Desktop/SE%20-%20TRIMESTER%201/ICT%201004/Group%20Project/Versions%20of%20project/Project/index.php</file>
            <file>file:/C:/Users/sheng/Desktop/SE%20-%20TRIMESTER%201/ICT%201004/Group%20Project/Versions%20of%20project/Project/css/booking.css</file>
            <file>file:/C:/Users/sheng/Desktop/SE%20-%20TRIMESTER%201/ICT%201004/Group%20Project/Versions%20of%20project/Project/updatemember.php</file>
            <file>file:/C:/Users/sheng/Desktop/SE%20-%20TRIMESTER%201/ICT%201004/Group%20Project/Versions%20of%20project/Project/process_updatebooking.php</file>
            <file>file:/C:/Users/sheng/Desktop/SE%20-%20TRIMESTER%201/ICT%201004/Group%20Project/Versions%20of%20project/Project/css/main.css</file>
            <file>file:/C:/Users/sheng/Desktop/SE%20-%20TRIMESTER%201/ICT%201004/Group%20Project/Versions%20of%20project/Project/css/aboutus.css</file>
            <file>file:/C:/Users/sheng/Desktop/SE%20-%20TRIMESTER%201/ICT%201004/Group%20Project/Versions%20of%20project/Project/bookingHistory.php</file>
            <file>file:/C:/Users/sheng/Desktop/SE%20-%20TRIMESTER%201/ICT%201004/Group%20Project/Versions%20of%20project/Project/updatebooking.php</file>
            <file>file:/C:/Users/sheng/Desktop/SE%20-%20TRIMESTER%201/ICT%201004/Group%20Project/Versions%20of%20project/Project/viewbooking.php</file>
        </group>
    </open-files>
</project-private>
