<?xml version="1.0" encoding="UTF-8"?>
<project-private xmlns="http://www.netbeans.org/ns/project-private/1">
    <editor-bookmarks xmlns="http://www.netbeans.org/ns/editor-bookmarks/2" lastBookmarkId="0"/>
    <open-files xmlns="http://www.netbeans.org/ns/projectui-open-files/2">
        <group>
            <file>file:/C:/Users/nikos/OneDrive/Desktop/ICT%201004/Project-Updated/css/main.css</file>
            <file>file:/C:/Users/nikos/OneDrive/Desktop/ICT%201004/Project-Updated/booking.php</file>
            <file>file:/C:/Users/nikos/OneDrive/Desktop/ICT%201004/Project-Updated/js/booking.js</file>
            <file>file:/C:/Users/nikos/OneDrive/Desktop/ICT%201004/Project-Updated/nav.inc.php</file>
            <file>file:/C:/Users/nikos/OneDrive/Desktop/ICT%201004/Project-Updated/about.php</file>
            <file>file:/C:/Users/nikos/OneDrive/Desktop/ICT%201004/Project-Updated/room%20available.php</file>
            <file>file:/C:/Users/nikos/OneDrive/Desktop/ICT%201004/Project-Updated/index.php</file>
            <file>file:/C:/Users/nikos/OneDrive/Desktop/ICT%201004/Project-Updated/register.php</file>
            <file>file:/C:/Users/nikos/OneDrive/Desktop/ICT%201004/Project-Updated/login.php</file>
            <file>file:/C:/Users/nikos/OneDrive/Desktop/ICT%201004/Project-Updated/head.inc.php</file>
        </group>
    </open-files>
</project-private>
